{
    "FCNet1": {
        "acc": [
            34.18,
            86.49,
            92.41,
            93.43,
            94.45,
            95.09,
            95.37,
            95.45,
            95.53,
            95.56
        ],
        "loss": [
            1.573076844215393,
            0.33936628699302673,
            0.20582088828086853,
            0.16637621819972992,
            0.2731606662273407,
            0.04358727112412453,
            0.24416960775852203,
            0.19084979593753815,
            0.04476727545261383,
            0.3234390616416931
        ]
    },
    "FCNet2": {
        "acc": [
            94.82,
            97.02,
            97.9,
            98.21,
            98.28,
            98.36,
            98.2,
            98.25,
            98.25,
            98.22
        ],
        "loss": [
            0.3360113203525543,
            0.0779593214392662,
            0.004405376501381397,
            0.05777929350733757,
            0.0013840406900271773,
            0.0005329011473804712,
            0.002354236552491784,
            0.0009472689707763493,
            0.0004398635064717382,
            8.502114360453561e-05
        ]
    },
    "FCNet3": {
        "acc": [
            96.04,
            97.33,
            97.95,
            98.08,
            98.24,
            98.26,
            98.3,
            98.36,
            98.41,
            98.35
        ],
        "loss": [
            0.0382053442299366,
            0.39426419138908386,
            0.017103077843785286,
            0.13089518249034882,
            0.04948652908205986,
            0.0015625664964318275,
            0.007158632390201092,
            0.0020732840057462454,
            0.035623520612716675,
            0.0010125408880412579
        ]
    },
    "ConvNet1": {
        "acc": [
            88.7,
            89.32,
            89.59,
            89.64,
            89.59,
            89.66,
            89.65,
            89.65,
            89.66,
            89.65
        ],
        "loss": [
            0.19829654693603516,
            0.2924081087112427,
            0.2387412041425705,
            0.36016714572906494,
            0.287936270236969,
            0.576802670955658,
            0.14394846558570862,
            0.5040106773376465,
            0.43227267265319824,
            0.14395946264266968
        ]
    },
    "ConvNet2": {
        "acc": [
            98.4,
            98.71,
            99.02,
            99.01,
            99.02,
            99.04,
            99.06,
            99.01,
            99.03,
            98.99
        ],
        "loss": [
            0.0036574972327798605,
            0.1262749880552292,
            0.0039990744553506374,
            0.005763629451394081,
            0.0004442651115823537,
            0.03285638615489006,
            0.00013145073899067938,
            0.0006726679857820272,
            0.0006862085429020226,
            0.00035898384521715343
        ]
    },
    "ConvNet3": {
        "acc": [
            98.43,
            99.08,
            99.09,
            99.18,
            99.33,
            99.27,
            99.26,
            99.27,
            99.24,
            99.25
        ],
        "loss": [
            0.06769479066133499,
            0.03252003714442253,
            0.007112738210707903,
            0.0009235952165909111,
            0.0012500325683504343,
            0.0003851461224257946,
            3.040661249542609e-05,
            9.922718891175464e-05,
            0.00026322275516577065,
            0.00247399415820837
        ]
    }
}