{
    "FCNet1": {
        "acc": [
            40.25,
            86.76,
            92.57,
            94.0,
            95.06,
            95.36,
            95.68,
            95.62,
            95.82,
            95.76
        ],
        "loss": [
            1.5829824209213257,
            0.40840280055999756,
            0.5272277593612671,
            0.23781637847423553,
            0.07015630602836609,
            0.12627002596855164,
            0.04356369748711586,
            0.21639683842658997,
            0.017127083614468575,
            0.09093157202005386
        ]
    },
    "FCNet2": {
        "acc": [
            93.96,
            97.07,
            97.54,
            98.14,
            98.02,
            98.2,
            98.29,
            98.31,
            98.26,
            98.24
        ],
        "loss": [
            0.18039968609809875,
            0.2299848198890686,
            0.1395985335111618,
            0.08496971428394318,
            0.0006804716540500522,
            0.002800891874358058,
            0.27489930391311646,
            0.0009346595616079867,
            0.0014537222450599074,
            2.6449374672665726e-06
        ]
    },
    "FCNet3": {
        "acc": [
            96.73,
            97.46,
            98.14,
            98.3,
            98.44,
            98.4,
            98.47,
            98.6,
            98.59,
            98.52
        ],
        "loss": [
            0.07464845478534698,
            0.093813456594944,
            0.003961519803851843,
            0.0038652352523058653,
            0.019836870953440666,
            0.04121813923120499,
            0.031246403232216835,
            0.0657949149608612,
            0.00819972064346075,
            0.13392111659049988
        ]
    },
    "ConvNet1": {
        "acc": [
            98.5,
            98.98,
            98.93,
            99.04,
            99.0,
            99.04,
            99.01,
            99.0,
            99.02,
            99.02
        ],
        "loss": [
            0.04746979847550392,
            0.02014343813061714,
            0.0036881766282022,
            0.00023292622063308954,
            0.00012508578947745264,
            3.509036787363584e-06,
            2.712837522267364e-05,
            0.00017024310363922268,
            2.5220373572665267e-05,
            0.0005326608661562204
        ]
    },
    "ConvNet2": {
        "acc": [
            98.71,
            98.97,
            99.03,
            99.14,
            99.12,
            99.14,
            99.12,
            99.18,
            99.14,
            99.17
        ],
        "loss": [
            0.0036861738190054893,
            0.043737202882766724,
            0.0006737483199685812,
            0.0048903003334999084,
            0.002825368894264102,
            0.00039246471715159714,
            0.19119732081890106,
            0.006372548174113035,
            0.007622544653713703,
            0.002089125569909811
        ]
    },
    "ConvNet3": {
        "acc": [
            97.48,
            98.84,
            99.14,
            99.2,
            99.23,
            99.25,
            99.26,
            99.29,
            99.26,
            99.28
        ],
        "loss": [
            0.15187442302703857,
            0.0016150317387655377,
            0.0013858689926564693,
            0.005209641065448523,
            0.08906415849924088,
            0.00012188643449917436,
            0.002535355044528842,
            0.00011613464448601007,
            6.525603384943679e-05,
            3.3564069781277794e-06
        ]
    }
}