{
    "FCNet1": {
        "acc": [
            68.92,
            88.95,
            93.22,
            94.66,
            94.62,
            95.53,
            95.63,
            95.67,
            95.84,
            95.89
        ],
        "loss": [
            1.0645111799240112,
            0.1787010282278061,
            0.0691903680562973,
            0.1732189953327179,
            0.050317373126745224,
            0.45893600583076477,
            0.11447563022375107,
            0.08527209609746933,
            0.05683288723230362,
            0.03873748704791069
        ]
    },
    "FCNet2": {
        "acc": [
            95.9,
            97.58,
            97.85,
            98.0,
            97.97,
            98.15,
            98.11,
            98.16,
            98.18,
            98.18
        ],
        "loss": [
            0.8637632131576538,
            0.005478477571159601,
            0.21255668997764587,
            0.007845563814043999,
            0.006076448131352663,
            0.010594901628792286,
            0.0002614793193060905,
            0.00044795608846470714,
            0.0009117525769397616,
            0.00013127688725944608
        ]
    },
    "FCNet3": {
        "acc": [
            96.38,
            97.6,
            97.83,
            98.38,
            98.22,
            98.41,
            98.39,
            98.4,
            98.39,
            98.42
        ],
        "loss": [
            0.20646023750305176,
            0.1650150865316391,
            0.3904692828655243,
            0.030055684968829155,
            0.008448932319879532,
            0.05511292815208435,
            0.0014565835008397698,
            0.001374115701764822,
            0.1237977147102356,
            0.0024977880530059338
        ]
    },
    "ConvNet1": {
        "acc": [
            98.35,
            98.27,
            98.99,
            99.07,
            99.07,
            99.0,
            99.02,
            99.02,
            99.05,
            99.04
        ],
        "loss": [
            0.1784840226173401,
            0.02173665538430214,
            0.0013509057462215424,
            3.1339412089437246e-05,
            0.0009917709976434708,
            0.0002400198281975463,
            0.007456332445144653,
            1.4789184206165373e-06,
            0.0006203614175319672,
            0.0005339949857443571
        ]
    },
    "ConvNet2": {
        "acc": [
            98.64,
            98.93,
            99.1,
            99.08,
            99.15,
            99.08,
            99.15,
            99.18,
            99.03,
            99.11
        ],
        "loss": [
            0.07675822824239731,
            0.005708666052669287,
            0.00041584137943573296,
            0.016906190663576126,
            0.00010397779260529205,
            0.000513695937115699,
            0.0006397297838702798,
            0.00015896878903731704,
            0.018623091280460358,
            0.0001818005694076419
        ]
    },
    "ConvNet3": {
        "acc": [
            98.52,
            99.02,
            99.05,
            99.21,
            99.19,
            99.26,
            99.23,
            99.23,
            99.27,
            99.25
        ],
        "loss": [
            0.2606566846370697,
            0.053471267223358154,
            0.0034872626420110464,
            0.00019482028437778354,
            0.004688462242484093,
            6.952749390620738e-05,
            2.4070726794889197e-05,
            0.02478419803082943,
            5.7402639868087135e-06,
            5.779868661193177e-05
        ]
    }
}